Nazwa produktu	wartośćenergetyczna	białko	tłuszcz	węglowodany	sód	potas	wapń	Żelazo	Witamina C	Witamina A	błonnik
	kcal	g	g	g	mg	mg	mg	mg	mg	mcg	g
Mleko spożywcze 3,5 % tłuszczu	64	3.3	3.5	4.8	44	138	118	0.1	1	22	0
Mleko spożywcze 3,2% tłuszczu	61	3.3	3.2	4.8	44	139	118	0.1	1	22	0
Mleko spożywcze 2% tłuszczu	51	3.4	2	4.9	45	141	120	0.1	1	12	0
Mleko spożywcze 1,5 % tłuszczu	47	3.4	1.5	5	45	141	120	0.1	1	10	0
Mleko spożywcze 0,5 % tłuszczu	39	3.5	0.5	5.1	45	141	121	0.1	1	10	0
Mleko kobiece	72	1.3	4.3	7	20	52	20	0.1	5	24	0
Mleko kozie	68	3.2	4.1	4.5	40	161	130	0.1	1	35	0
Mleko owcze	107	6	7	5.1	44	136	193	0.1	4	5	0
Mleko w proszku odtłuszczone	360	35.7	0.8	51.2	480	1874	1404	1.2	13.1	5	0
Mleko w proszku pełne	479	27	24	38.7	357	1393	1062	0.9	10.8	149	0
Mleko zagęszczone niesłodzone	131	6.6	7.5	9.4	120	304	258	0.2	5	47	0
Mleko zagęszczone słodzone	326	7.5	8	55.3	110	348	295	0.2	4	50	0
Mleko UHT 3,2% tłuszczu	61	3.3	3.2	4.8	41	139	113	0.1	1	26	0
Mleko UHT 1,5% tłuszczu	47	3.4	1.5	5	42	141	110	0.1	1	12	0
Mleko UHT 0,5% tłuszczu	39	3.5	0.5	5.1	42	141	111	0.1	1	12	0
Śmietanka kremowa 30% tłuszczu	287	2.2	30	3.1	32	101	86	0.1	0	187	0
Śmietana 18% tłuszczu	184	2.5	18	3.6	37	116	99	0.1	0	112	0
Śmietana 12% tłuszczu	133	2.7	12	3.9	40	125	106	0.1	0	75	0
Śmietanka do kawy 9% tłuszczu	107	2.8	9	4	41	128	109	0.1	0	56	0
Jogurt naturalny 2% tłuszczu	60	4.3	2	6.2	63	200	170	0.1	1	13	0
Jogurt bananowy 1,5% tłuszczu	70	3.7	1.5	10.4	48	215	132	0.2	2.1	16	0.2
Jogurt jagodowy 1,5% tłuszczu	62	3.7	1.5	8.8	48	170	134	0.2	2.8	14	0.4
Jogurt morelowy 1,5% tłuszczu	63	3.7	1.5	8.9	47	200	133	0.2	1.9	237	0.3
Jogurt truskawkowy 1,5% tłuszczu	60	3.7	1.5	8.2	47	179	134	0.2	9.9	11	0.3
Jogurt wiśniowy 1,5% tłuszczu	61	3.7	1.5	8.2	49	182	134	0.2	2.5	42	0.1
Kefir 2% tłuszczu	51	3.4	2	4.7	38	122	103	0.1	0	13	0
Maślanka spożywcza 0,5 % tłuszczu	37	3.4	0.5	4.7	60	150	110	0.1	0	3	0
Napój mleczny jogurtowy	82	4	1.9	12.1	59	186	158	0.1	0.9	12	0
Napój mleczny kakaowy	81	3.3	2.1	12.1	41	153	111	0.2	0.9	11	0.1
Napój mleczny serwatkowo-śmietankowy	74	0.9	2.2	12.4	40	116	66	0.1	0	15	0
Napój mleczny śmietankowy	63	3.5	0.5	10.9	61	158	116	0.1	0.1	3	0
Serwatka płynna	25	0.8	0.1	5.1	45	129	68	0.1	0	2	0
Ser, Brie pełnotłusty	329	19.8	28	0.2	880	100	600	0.2	0	122	0
Ser, Camembert pełnotłusty	291	21.4	23	0.2	966	101	386	0.5	0	99	0
Ser, Cheddar pełnotłusty	391	27.1	31.7	0.1	598	81	703	0.5	0	286	0
Ser, Edamski tłusty	313	26.1	23.4	0.1	618	81	867	0.6	0	201	0
Ser, Ementaler pełnotłusty	380	28.8	29.7	0.1	909	119	835	0.5	0	223	0
Ser, Gouda tłusty	316	27.9	22.9	0.1	898	83	807	0.7	0	207	0
Ser, Myśliwski pełnotłusty	346	25.5	27.4	0.1	674	82	792	0.4	0	161	0
Ser, Myśliwski tłusty	338	29	24.9	0.1	768	93	903	0.5	0	143	0
Ser, Parmezan	452	41.5	32	0.1	1860	107	1380	1	0	107	0
Ser, Rokpol pełnotłusty	363	22.6	30.6	0.1	1368	109	530	0.5	0	391	0
Ser, Salami pełnotłusty	351	25.2	28.1	0.1	585	89	817	0.4	0	215	0
Ser, Trapistów pełnotłusty	367	23.5	30.7	0.1	722	86	943	0.5	0	214	0
Ser, Trapistów tłusty	351	28	26.8	0.1	780	93	972	0.5	0	185	0
Ser, Tylżycki pełnotłusty	353	26.1	27.9	0.1	744	84	815	0.7	0	262	0
Ser, Tylżycki tłusty	334	27.8	25	0.1	861	108	583	0.7	0	195	0
Deser twarogowy termizowany kakaowy	156	13.9	6.2	11.2	35	108	77	0.2	0	37	0.1
Deser twarogowy termizowany truskawkowy	170	11	5.8	18.3	29	86	66	0.2	1.2	39	0.1
Ser twarogowy chudy	99	19.8	0.5	3.5	41	96	96	0.2	0	3	0
Ser twarogowy półtłusty	133	18.7	4.7	3.7	44	113	94	0.2	0	29	0
Ser twarogowy tłusty	175	17.7	10.1	3.5	40	104	88	0.2	0	62	0
"Ser typu ""Feta"""	215	17	16	1	1100	62	500	0.3	0	60	0
Serek termizowany pieczarkowy	113	15.9	4	3.5	387	136	80	0.3	0.7	26	0.3
Serek twarogowy homogenizowany  pełnotłusty	161	12.7	11	3	47	117	98	0.2	0	30	0
Serek twarogowy homogenizowany truskawkowy	168	15.3	3.9	17.7	36	99	79	0.2	0.7	25	0.1
Serek twarogowy homogenizowany waniliowy	159	16.8	4.2	13.3	40	102	85	0.2	0	26	0
Serek twarogowy ziarnisty	101	12.3	4.3	3.3	380	80	80	0.1	0	14	0
"Serek typu ""Fromage"" naturalny"	379	10.2	37.1	2.4	396	66	55	0.2	0	174	0
"Serek typu ""Fromage"" z czosnkiem"	367	10	35.2	4	379	83	54	0.2	0.8	165	0.2
Deser ryżowy jabłkowy	134	2.8	3	23.9	54	124	86	0.1	1.2	18	0.3
Deser ryżowy waniliowy	133	3	2.9	23.5	52	120	84	0.1	0.8	18	0.2
Ser topiony, edamski	298	13.5	27	1.2	841	41	367	0.6	0	75	0
Lody mleczno-owocowe	116	3.9	2.5	19.4	57	192	155	0.2	3	20	0.3
Lody śmietankowe	160	3.2	8.5	17.6	47	148	125	0.1	0	53	0
Jaja kurze całe	139	12.5	9.7	0.6	141	133	47	2.2	0	13	0
Białko jaja kurzego	49	10.9	0.2	0.7	200	154	6	0.2	0	0	0
Żółtko jaja kurzego	314	15.5	28.2	0.3	52	127	147	7.2	0	29	0
Proszek jajeczny	576	48.4	41.7	2.7	481	527	185	8.3	0	0	0
Baranina, łopatka	284	15.6	25	0	66	249	9	2.3	0	0	0
Baranina, udziec	232	18	18	0	78	380	10	2.7	0	0	0
Cielęcina, łopatka	106	19.9	2.8	0	87	395	11	2.9	0	0	0
Cielęcina, sznyclówka	105	20.5	2.4	0	68	320	12	1.7	0	0	0
Cielęcina, udziec	108	19.9	3.1	0	128	246	10	2.4	0	0	0
Konina, mięso bez kości	109	21.5	2.5	0	46	345	15	3.5	0	0	0
Konina, mięso z kością	109	21.5	2.5	0	46	345	15	3.5	0	0	0
Wieprzowina klasa I	133	18.9	6.3	0	57	323	5	1.4	0	0	0
Wieprzowina klasa II	248	17.5	20	0	74	297	8	1.5	0	0	0
Wieprzowina klasa III	196	18.3	13.7	0	72	347	8	1.8	0	0	0
Wieprzowina klasa IV	341	13.7	32.3	0	78	260	36	3	0	0	0
Wieprzowina, boczek bez kości	510	10.1	53	0	78	163	4	0.7	0	0	0
Wieprzowina, golonka ze skórą	294	18.6	24.7	0	73	213	19	1.1	0	0	0
Wieprzowina, karkówka	267	16.1	22.8	0	63	283	18	1.3	0	0	0
Wieprzowina, łopatka	257	16	21.7	0	52	275	5	1.1	0	0	0
Wieprzowina, podgardle	630	7.4	67.8	0	38	87	7	0.7	0	0	0
Wieprzowina, schab surowy z kością	174	21	10	0	42	343	15	1	0	0	0
Wieprzowina, szynka surowa	261	18	21.3	0	62	289	5	0.9	0	0	0
Wieprzowina, żeberka	321	15.2	29.3	0	63	252	28	1.3	0	0	0
Wołowina klasa I nieścięgnista	107	21.7	2.1	0	57	354	4	2.2	0	0	0
Wołowina klasa I ścięgnista	154	20.8	7.9	0	70	337	6	2.2	0	0	0
Wołowina klasa II	147	20.6	7.2	0	78	316	6	2.2	0	0	0
Wołowina klasa III	223	20.9	15.6	0	81	209	8	2.3	0	0	0
Wołowina klasa IV	405	14.1	39.3	0	127	120	15	2.7	0	0	0
Wołowina klasa V	365	20.1	32	0	124	117	16	1.5	0	0	0
Wołowina, pieczeń	117	20.9	3.6	0	78	375	3	2.3	0	0	0
Wołowina, polędwica	113	20.1	3.5	0	52	382	4	3.1	0	0	0
Wołowina, rostbef	152	21.5	7.3	0	64	350	9	2.4	0	0	0
Wołowina, rozbratel	157	16.7	10.1	0	34	313	14	2.8	0	0	0
Wołowina, szponder	217	19.3	15.7	0	63	266	27	2.1	0	0	0
Flaki	84	16	2.2	0	64	137	71	0.6	0	0	0
Kości, wywar	5	1.2	0	0	28	15	2	0.1	0	0	0
Krew wieprzowa	73	16.6	0.4	0.4	205	205	7	39.5	0	0	0
Mózg wieprzowy	139	11.1	10.6	0	160	326	10	3.8	18	0	0
Nerki wieprzowe	102	16.8	3.8	0	205	313	11	8	13	8	0
Nogi wieprzowe	274	23	20.4	0	157	127	24	2.1	0	4	0
Ozór wieprzowy	165	16.5	11.1	0	108	255	11	4.5	4	0	0
Serca wieprzowe	111	16.9	4.8	0	89	335	35	2.7	6	2	0
Wątroba wieprzowa	130	22	3.4	2.6	83	311	10	18.7	23	11	0
Wątroba wołowa	125	20	3.1	4	117	294	7	9.4	31	950	0
Wątroba cielęca	125	19.2	3.3	4.1	87	316	19	7.9	35	160	0
Gęś, tuszka	339	14.1	31.8	0	48	243	5	2.4	0	0	0
Indyk, tuszka	129	17	6.8	0	63	300	6	0.6	0	0	0
Mięso z piersi indyka bez skóry	84	19.2	0.7	0	47	460	2	0.5	0	0	0
Mięso z piersi indyka ze skórą	100	18.7	2.7	0	48	441	2	0.5	0	0	0
Mięso z podudzia indyka bez skóry	100	16.6	3.7	0	96	364	8	1.2	0	0	0
Mięso z podudzia indyka ze skórą	142	15.7	8.9	0	92	324	8	1.1	0	0	0
Mięso ze skrzydeł indyka bez skóry	115	18	4.7	0	62	359	5	1.2	0	0	0
Mięso ze skrzydeł indyka ze skórą	168	16.5	11.4	0	63	308	6	1.1	0	0	0
Mięso z udźca indyka bez skóry	104	19.4	2.8	0	77	414	4	0.8	0	0	0
Mięso z udźca indyka ze skórą	131	18.4	6.4	0	76	384	5	0.8	0	0	0
Skóra z indyka	413	9.4	42.4	0	64	80	9	0.8	0	0	0
Skrzydło indyka	168	16.5	11.4	0	63	308	6	1.1	0	0	0
Kaczka, tuszka	308	13.5	28.6	0	66	242	8	2.1	0	0	0
Kura, tuszka	202	18.5	14.3	0	66	307	11	1.6	0	0	0
Kurczak, tuszka	158	18.6	9.3	0	61	305	10	1.2	0	0	0
Mięso z piersi kurczaka bez skóry	99	21.5	1.3	0	55	385	5	0.4	0	0	0
Mięso z ud kurczaka bez skóry	125	17.8	6	0	91	334	8	0.7	0	0	0
Mięso z ud kurczaka ze skórą	158	16.8	10.2	0	85	300	9	0.7	0	0	0
Noga (udo) kurczaka	158	16.8	10.2	0	85	300	9	0.7	0	0	0
Skórki kurze	379	10.7	37.9	0	46	76	17	1	0	0	0
Skrzydło kurczaka	186	19.2	12.2	0	73	156	14	1.4	0	0	0
Wątróbka  kurczaka	136	19.1	6.3	0.6	85	300	8	9.5	23	21	0
Żołądek kurczaka	114	18.2	4.2	0.6	69	188	8	3.5	3	0	0
Królik, tuszka	156	21	8	0	43	385	19	2.6	0	0	0
Baleron gotowany	244	15.1	20.2	0.9	749	312	17	1.3	0	0	0
Kabanosy	326	27.4	24.3	0	1327	467	11	2.3	0	0	0
Kiełbasa domowa	320	14.7	29.2	0.5	826	243	7	1.4	0.5	0	0.1
Kiełbasa krakowska sucha	323	25.6	24.8	0	1273	429	8	2.1	0	0	0
Kiełbasa lubuska	249	17.5	18	4.8	1465	401	13	1.7	0.7	0	0.1
Kiełbasa mortadela	205	12	17.7	0	698	169	13	1.2	0	0	0
Kiełbasa myśliwska sucha	291	27.8	20.1	0	1291	463	10	2.5	0	0	0
Kiełbasa parówkowa	323	11	31.5	0	839	134	15	1.2	0	0	0
Kiełbasa podwawelska	247	17.3	19.6	0.9	1017	303	10	1.5	0.7	0	0.1
Kiełbasa rzeszowska	203	20.9	13.4	0	976	356	7	1.8	0	0	0
Kiełbasa śląska	210	18.4	15.3	0	885	323	7	1.6	0	0	0
Kiełbasa toruńska	263	20.9	20.1	0	1007	347	9	1.9	0	0	0
Kiełbasa zwyczajna	209	17.6	15.6	0	848	258	13	1.6	0	0	0
Kiełbasa żywiecka	315	20.3	26.3	0	1031	328	7	1.9	0	0	0
Kiełbaski bawarskie	308	15.5	27.7	0.1	853	264	12	1.6	0	1	0
Mielonka (Luncheon meat)	171	12.8	11.7	3.7	1065	296	9	1.3	0	0	0
Paróweczki śniadaniowe (z olejem)	234	11.9	20.9	0.1	650	193	8	1.3	0	0	0
Parówki popularne	342	9.5	34.3	0	889	120	5	1.1	0	0	0
Polędwica luksusowa	177	19.5	10	2.4	1555	325	14	1.1	0	1	0
Polędwica sopocka	165	19.9	9.1	0.9	748	374	15	1.1	0	0	0
Salami luksusowe	540	21.9	50.6	0.9	1304	349	9	2.2	0	1	0
Salami mini	548	21.7	51.6	0.9	1304	347	9	2.2	0	1	0
Salami popularne	568	21.6	53.7	1.4	1307	348	10	2.2	0.5	1	0.1
Szynka kanapkowa	102	14.2	4.4	1.4	1112	317	6	1.2	0	0	0
Szynka wiejska	253	17.1	20.3	0.9	1026	366	5	0.9	0	0	0
Szynka wieprzowa gotowana	233	16.4	18.3	1	857	319	6	1	0	0	0
Szynka wołowa gotowana	107	20.9	2	1.1	914	401	5	2.2	0	0	0
Szynkówka wieprzowa	191	13.6	14.7	1.4	1115	294	6	0.9	0	0	0
Szynkówka wołowa	85	16.2	1.5	1.4	1112	338	5	1.7	0	0	0
Wędzonka wołowa gotowana	102	17.8	3.1	0.5	992	382	5	2.8	0.5	9	0
Kiszka kaszana jęczmienna	194	8.5	12.6	13	772	144	13	7.4	0	0	1.1
Kiszka krwista	404	14.2	35	9.2	1062	92	23	16.9	0	43	0.2
Kiszka pasztetowa	384	12.5	35.7	4.3	788	144	18	6	1.4	394	0.1
Ozory w galarecie	141	16.7	7.6	1.7	899	232	12	3.6	15.4	135	0.3
Pasztet pieczony	391	17	31.2	13.5	817	373	49	5	4	115	2.3
Pieczeń żuławska	170	13.8	11.7	2.6	773	228	9	1.5	0.2	0	0.1
Polędwica w galarecie	101	14.5	4.4	1.4	625	216	10	0.6	1.6	11	0.5
Salceson czarny	336	12.6	32	0.5	803	139	18	7.5	0	0	0.1
Salceson włoski	318	14.6	29.3	0	815	143	40	2.2	0	0	0
Wątrobianka	231	10.7	20.9	0.7	794	160	27	5.7	4	3	0.1
Baton szynkowy z indyka	143	14.9	9.3	0.1	826	304	8	0.9	2	44	0
Kiełbasa mazurska z indyka	129	14.8	7.7	0.1	603	295	5	1	0	0	0
Kiełbasa mortadela z indyka	209	11	18.5	0.1	772	192	17	1.2	1.7	38	0
Kiełbasa szynkowa z indyka	88	17.2	2	0.2	900	392	6	0.7	0.1	0	0
Polędwica z indyka	105	15.8	4.6	0.1	763	362	3	0.5	1.9	41	0
Szynka z indyka	84	17.1	1.6	0.1	612	387	3	0.6	0	0	0
Baton z kurczaka	144	16.7	8.6	0.1	753	283	43	1.1	0	0	0
Kabanosy z kurczaka	247	22.8	17.4	0.1	885	415	13	1	0	0	0
Kaszanka z kurczaka	204	9.8	11.7	16.4	892	190	23	6.6	1.3	3	1.4
Kiełbasa delikatesowa z kurczaka	109	19.6	3.3	0.1	779	359	10	0.7	0	0	0
Kiełbasa jałowcowa z kurczaka	236	19	17.9	0.1	630	342	40	1.2	0	0	0
Kiełbasa kanapkowa z kurczaka	179	11.8	13.5	3	720	154	72	1.6	1.8	40	0.1
Kiełbasa podlaska z kurczaka	232	20.7	16.7	0.1	520	373	35	1.3	0.1	0	0
Kiełbasa podsuszana z kurczaka	163	21.7	8.4	0	1039	375	39	1.2	0	0	0
Kiełbasa szynkowa z kurczaka	110	16.2	5	0	725	302	10	0.8	0	0	0
Kurczak faszerowany (pieczony)	200	20.5	11.9	2.8	1208	343	15	1.4	0.4	3	0.1
Parówki z kurczaka	259	10.8	22.4	4.2	548	141	45	1.1	0	0	0.1
Pasta kanapkowa z kurczaka	156	10.4	11.3	3.5	461	185	85	1.1	0.3	4	0
Pasztet z kurczaka pieczony	214	14.4	14.3	7.5	574	225	94	3.3	3.6	14	0.4
Pasztet podlaski z kurczaka	228	6.7	21.1	3.6	610	108	42	1.5	1.7	6	0.2
Pieczeń z kurczaka z pieczarkami	180	13.8	10.2	9.1	883	251	15	0.9	0.4	7	0.7
Pieczeń z kurczaka z serem żółtym	205	16	12.1	8.8	960	233	83	0.9	0	24	0.6
Polędwica z piersi kurczaka	93	20.4	1.2	0	705	366	7	0.5	0	0	0
Szynka delikatesowa z kurczaka	124	18.2	5.6	0	797	331	11	1.1	0	0	0
Szynka z piersi kurczaka	98	21.2	1.2	0.2	933	380	8	0.5	0	0	0
Szynka z udźca kurczaka	117	17.2	5.3	0	769	321	11	0.8	0	0	0
Dorsz świeży	78	17.7	0.7	0	72	356	9	0.4	2	0	0
Dorsz świeży, filety bez skóry	70	16.5	0.3	0	89	364	7	0.6	1	0	0
Flądra świeża	83	16.5	1.8	0	92	332	27	0.4	0	0	0
Gładzica-płastuga świeża	86	17.1	1.9	0	104	311	61	0.6	1	0	0
Halibut biały, świeży	98	20.1	1.9	0	67	446	14	0.5	0	0	0
Karp świeży	110	18	4.2	0	30	387	10	0.7	1	0	0
Łosoś świeży	201	19.9	13.6	0	51	371	13	1	1	0	0
Makrela świeża	181	18.7	11.9	0	95	396	12	1	0	0	0
Mintaj świeży	73	16.6	0.6	0	99	330	9	0.2	0	0	0
Morszczuk świeży	89	17.2	2.2	0	100	270	41	0.5	0	0	0
Okoń świeży	82	18.4	0.8	0	47	330	20	0.6	1.3	0	0
Pstrąg strumieniowy, świeży	97	19.2	2.1	0	53	348	24	0.4	1.1	0	0
Pstrąg tęczowy, świeży	160	18.6	9.6	0	52	420	18	0.4	0	0	0
Sandacz świeży	84	19.2	0.7	0	57	340	49	0.8	1	0	0
Sardynka świeża	168	20.6	9.6	0	120	360	84	1.4	0	0	0
Sola świeża	83	17.5	1.4	0	100	309	29	0.8	0	0	0
Szczupak świeży	82	18.4	0.8	0	63	304	20	0.6	1.3	0	0
Śledź świeży	161	16.3	10.7	0	89	239	32	0.9	0	0	0
Śledź solony	217	19.8	15.4	0	5930	240	62	1.1	0	0	0
Tuńczyk świeży	137	23.7	4.6	0	43	356	10	1	0	0	0
Węgorz świeży	278	15	24.5	0	65	217	17	0.6	1.8	0	0
Dorsz wędzony	94	22.1	0.5	0	1170	300	20	1	0	0	0
Łosoś wędzony	162	21.5	8.4	0	1470	330	15	0.5	0	0	0
Makrela wędzona	221	20.7	15.5	0	1170	275	5	1.2	0	0	0
Pikling	215	21.8	14.3	0	1170	285	32	1.4	0	0	0
Węgorz wędzony	326	17.9	28.6	0	500	243	19	0.7	0	0	0
"Paprykarz ""Szczeciński"""	178	9.9	11.9	8.6	595	327	15	0.7	4.8	347	0.7
Pasztet z ryb wędzonych	151	12.9	10.6	1.2	669	209	43	1.1	0.8	90	0.1
Pasztet rybny homogenizowany	265	10.6	21.3	8.8	658	226	28	0.9	2.9	243	0.6
Sałatka z dorsza	187	9.8	13.9	7.2	684	370	19	0.7	23.3	696	1.3
Sałatka pikantna z makreli	181	10.2	13.2	6.9	621	425	25	0.9	8.3	576	1.3
Sardynka w oleju	221	24.1	13.9	0	366	388	330	2.7	0	0	0
Sardynka w pomidorach	162	17	9.9	1.4	350	410	250	2.9	0.8	340	0.1
Śledź marynowany	192	16.5	12.6	3.4	1090	74	18	0.7	0	0	0
Śledź w oleju	301	16.4	26.5	0	562	241	33	0.9	0	0	0
Śledź w sosie pomidorowym	159	13.8	9.7	4.6	548	288	32	0.9	3.4	249	0.3
Tuńczyk w oleju	190	27.1	9	0	515	248	12	1.2	0	0	0
Tuńczyk w wodzie	96	21	1.2	0	515	182	13	1.4	0	0	0
Śledź w śmietanie	96	5.5	6.2	5.3	37	145	46	0.5	4	108	0.6
Śledzie zawijane (rolmopsy)	104	8	7	3	231	161	25	0.6	1.1	599	0.6
Olej krokoszowy	884	0	100	0	0	0	0	0	0	0	0
Olej kukurydziany	884	0	100	0	1	1	15	0.1	0	0	0
Olej palmowy	884	0	100	0	0	0	0	0	0	0	0
Olej rzepakowy o obniżonej zawartości kwasu erukowego	884	0	100	0	0	0	0	0	0	0	0
Olej rzepakowy uniwersalny	884	0	100	0	0	0	0	0	0	0	0
Olej rzepakowy tłoczony na zimno	884	0	100	0	0	0	0	0	0	0	0
Olej rzepakowo-sojowy	884	0	100	0	0	0	0	0	0	0	0
Olej sezamowy	884	0	100	0	2	20	10	0.1	0	0	0
Olej słonecznikowy	884	0	100	0	0	0	0	0.1	0	0	0
Olej sojowy	884	0	100	0	0	0	0	0	0	0	0
Olej z zarodków pszennych	884	0	100	0	0	0	0	0	0	0	0
Oliwa z oliwek	882	0	99.6	0.2	1	0	0	0.4	0	0	0
Planta	884	0	100	0	0	0	0	0	0	0	0
"Margaryna ""Bona"""	442	0	50	0	119	0	0	0	0	0	0
"Margaryna ""Flora"""	531	0	60	0	119	0	0	0.1	0	0	0
"Margaryna ""Kama"""	398	0	45	0	119	0	0	0	0	0	0
"Margaryna ""Mini Light"""	442	0	50	0	0	0	0	0	0	0	0
Margaryna mleczna	710	0.3	80	0.4	119	10	9	0.1	0	0	0
"Margaryna ""Palma"""	710	0.3	80	0.4	119	10	9	0.1	0	0	0
"Margaryna ""Rama"""	621	0.1	70	0.4	122	10	5	0	0	0	0
Margaryna słoneczna	710	0.3	80	0.4	119	7	5	0.1	0	0	0
"Margaryna ""Śniadaniowa"""	534	0.3	60	0.5	3	9	8	0	0	0	0
"Margaryna ""Tina"""	398	0	45	0	0	0	0	0	0	0	0
Margaryna zwykła	710	0.3	80	0.4	122	10	9	0.1	0	0	0
Masło roślinne kubkowe	666	0.3	75	0.4	122	10	8	0.1	0	0	0
Masło roślinne, kostka	710	0.3	80	0.4	122	10	9	0.1	0	0	0
"Masło roślinne ""Nova"""	442	0	50	0	119	0	0	0	0	0	0
Masło extra	735	0.7	82.5	0.7	9	25	16	0.1	0	380	0
Masło śmietankowe	659	1.1	73.5	1.1	6	15	12	0.1	0	336	0
Słonina	797	2.4	89	0	23	27	1	0.3	0	0	0
Smalec	880	0	99.5	0	1	1	0	0.1	0	0	0
Finea Mix, niskotłuszczowa	533	0.3	60	0.3	326	4	11	0.1	0	26	0
Masełko zakopiańskie	573	0.9	64	0.9	5	13	10	0.1	0	286	0
Mlemix zambrowski	573	0.9	64	0.9	5	12	10	0.1	0	269	0
Mąka pszenna, typ 500	342	9.2	1.2	74.9	2	110	18	1.1	0	0	2.6
Mąka pszenna, typ 500, wzbogacona	342	9.2	1.2	74.9	2	110	68	1.1	0	0	2.6
Mąka pszenna, typ 550	343	9.4	1.6	74.1	2	136	19	1.3	0	0	2.5
Mąka pszenna, typ 750	330	9.1	1.8	73.8	3	165	20	1.6	0	0	5.6
Mąka pszenna, typ 1850	322	11.3	2.3	70.6	3	340	34	3.5	0	0	7.6
Mąka pszenna, typ 2000	317	11.1	2.4	70.5	4	340	37	3.8	0	0	8.9
Mąka żytnia, typ 580	327	5.5	1.5	78.1	2	155	19	1.1	0	0	6.4
Mąka żytnia, typ 720	327	5.9	1.7	77.4	2	190	21	1.4	0	0	6.4
Mąka żytnia, typ 1400	325	7	2.2	75.4	2	313	32	2.5	0	0	7.3
Mąka żytnia, typ 1850	321	7.3	2.2	75	3	361	33	3.1	0	0	8
Mąka żytnia, typ 2000	319	7.9	2.2	74.2	3	420	37	3.4	0	0	8.5
Semolina	346	10.1	1.3	75	1	170	18	1	0	0	2.8
Skrobia kukurydziana	353	0.2	0	88.5	2	7	11	0.2	0	0	1.7
Ziarno pszenicy	317	11.1	2.4	70.5	4	340	37	3.8	0	0	8.9
Ziarno żyta	319	7.9	2.2	74.2	3	420	37	3.4	0	0	8.5
Kasza gryczana	336	12.6	3.1	69.3	5	443	25	2.8	0	0	5.9
Kasza jaglana	346	10.5	2.9	71.6	5	220	10	4.8	0	0	3.2
Kasza jęczmienna perłowa	327	6.9	2.2	75	4	264	20	1.6	0	0	6.2
Kasza jęczmienna, pęczak	334	8.4	2	74.9	5	228	20	1.9	0	0	5.4
Kasza manna	348	8.7	1.3	76.7	3	116	17	0.9	0	0	2.5
Ryż biały	344	6.7	0.7	78.9	6	111	10	0.8	0	0	2.4
Ryż brązowy	322	7.1	1.9	76.8	10	260	32	1.3	0	0	8.7
Makaron bezjajeczny	363	10	1.6	78.5	2	149	20	1.3	0	0	2.7
Makaron bezjajeczny z semoliny	366	10.7	1.4	79.4	1	180	19	1.1	0	0	3
Makaron dwujajeczny	373	11.5	2.6	77.4	17	173	24	1.6	0	1	2.7
Makaron czterojajeczny	377	12	3.4	76.2	28	187	29	1.7	0	2	2.8
Makaron dwujajeczny z semoliny	374	11.9	2.4	77.8	16	191	24	1.3	0	1	2.9
Chleb żytni pełnoziarnisty	237	6.7	1.8	53.9	454	356	66	2.5	0	0	6.1
Chleb żytni jasny	241	4	1.3	57.1	455	115	14	0.8	0	0	4.7
Chleb żytni jasny mleczny	253	4.8	1.8	58.3	467	145	41	0.8	0	3	4.7
Chleb żytni pytlowy	239	4.4	1.5	56.2	449	147	16	1.1	0	0	4.9
Chleb żytni razowy	223	5.6	1.7	51.5	457	279	25	2.3	0	0	5.9
Chleb żytni razowy litewski	233	6.3	1.7	52.9	358	314	61	2.2	0	0	5.5
Chleb żytni razowy na miodzie	234	5.3	1.6	54.2	347	260	24	2.1	0	0	5.4
Chleb żytni razowy wytrawny	227	6.7	1.7	51.1	507	334	71	2.3	0	0	5.6
Chleb żytni razowy z soją i słonecznikiem	244	7.9	3.7	50.5	391	411	41	2.8	0	1	6.5
Chleb żytni sitkowy	229	5.2	1.5	53.2	465	217	23	1.8	0	0	5.3
Chleb żytni starogardzki	223	4.2	1.3	52.1	409	128	15	1	0	0	4.2
Chleb staropolski	219	5	1.7	50.5	447	232	22	2	0	0	5.3
Chleb żytni wileński	225	4.4	1.5	52.3	353	179	19	1.4	0	0	4.6
Pumpernikiel	252	5.8	2	58.3	395	310	28	2.5	0	1	6.4
Chleb baltonowski	246	5.9	1.5	55.9	434	136	16	1.2	0	0	4.5
Chleb chrupki	353	8.7	2.4	78.9	272	448	42	4	0	10	6
Chleb mazowiecki	248	6.3	1.4	56.3	394	140	16	1.3	0	0	4.6
Chleb mieszany słonecznikowy	246	6.4	4.5	49.2	387	233	28	1.8	0	2	4.8
Chleb mieszany z soją	232	6.8	2.7	49.6	386	303	33	2	0	1	5.3
Chleb mleczny	251	6.6	1.5	56.4	397	175	46	1.2	0	0	4.4
Chleb nałęczowski	244	5.7	1.3	56.2	389	142	16	1.2	0	0	4.7
Chleb poleski	249	6.3	2.1	55.3	391	199	22	1.7	0	0	5
Chleb praski	244	5.7	1.3	56.2	389	142	16	1.2	0	0	4.7
Chleb wiejski	241	5.8	1.3	55.1	371	136	17	1.2	0	0	4.5
Chleb wielkopolski	250	6	1.5	57.3	431	162	17	1.3	0	0	4.9
Chleb zakopiański	261	6.8	1.9	57.9	404	185	52	1.3	0	4	4.7
Chleb zwykły	245	5.4	1.3	57	391	148	17	1.2	0	0	4.9
Bagietki francuskie	283	7.9	1.7	60.1	708	124	17	1.2	0	0	2.2
Bułki grahamki	258	8.2	1.7	56.9	474	228	24	2.3	0	0	5.4
Bułki pszenne zwykłe	272	7.3	1.5	58.5	377	112	15	1.1	0	0	2.1
Bułka tarta	347	9.7	1.9	77.6	503	202	27	2.2	0	0	6.1
Chleb Graham	226	7.6	1.7	49.4	432	215	22	2.2	0	0	5
Chleb pszenny	249	6.8	1.4	56	454	137	16	1.3	0	0	4.5
Chleb pszenny z ziarnem pszenicy	228	7.7	1.8	50	411	224	23	2.4	0	0	5.5
Bułeczki do hot dogów	339	8.7	7.5	60.6	433	154	40	1.3	0	1	2.1
Bułki mleczne	313	8.3	4.5	61.2	433	149	40	1.2	0	2	2.2
Bułki owsiane	304	8.7	4.5	59.1	417	198	53	1.5	0	0	2.8
Bułki sojowe	328	9.7	4.2	64.6	429	225	47	1.5	0	2	2.6
Bułki wrocławskie	293	7.2	4.4	57.4	400	111	15	1.1	0	0	2
Kajzerki	295	7.5	3.6	59.4	464	116	16	1.1	0	0	2.1
Pieczywo tostowe	305	8.1	4.7	58.8	488	161	47	1.2	0	4	2.1
Strucle wrocławskie	302	8.1	4.8	57.6	387	158	56	1.1	0	8	1.9
Pieczywo tostowe Graham	273	7.5	4.2	53.8	543	152	18	1.5	0	0	3.3
Bułki i rogale maślane	326	7.7	5.9	61.8	396	133	33	1.1	0	2	2
Chałki zdobne	332	7	7	61.6	278	113	15	1.1	0	0	2
Pieczywo półfrancuskie z dżemem	409	7.6	9.9	73.7	285	203	47	1.5	0.4	92	2.2
Pieczywo półfrancuskie z serem	394	9.9	10	67.3	290	149	51	1.1	0.1	3	1.9
Rogale kruche	338	7.6	7.5	61.4	406	128	25	1.1	0	6	2.1
Chrupki kukurydziane	352	8.9	3	78.9	12	206	3	1.8	0	0	7.6
Musli z owocami suszonymi	325	8.4	3.4	72.2	101	564	49	3.1	3	513	8
Musli z rodzynkami i orzechami	375	11.5	12.7	62.9	122	443	71	3.9	0.6	4	9.7
Otręby pszenne	185	16	4.6	61.9	9	1121	119	14.9	0	0	42.4
Płatki jęczmienne	355	9.8	3.6	79.4	651	388	31	3.6	0	0	9.6
Płatki kukurydziane	363	6.9	2.5	83.6	1167	100	8	0.8	0	0	6.6
Płatki kukurydziane wzbogacane	363	6.9	2.5	83.6	1167	100	8	14	51	0	6.6
Płatki owsiane	366	11.9	7.2	69.3	5	379	54	3.9	0	0	6.9
Płatki pszenne	351	9	3	81	644	360	31	3.4	0	0	10.1
Płatki żytnie	343	6.4	3.2	82.6	662	422	28	2.7	0	0	11.6
Ryż preparowany	361	6.3	1.6	84.1	3	113	6	0.6	0	0	5
Zarodki pszenne	323	27.5	9.4	45.5	3	1024	51	9	0	0	14
Paszteciki drożdżowe z mięsem	308	8.4	18.4	28.8	507	188	32	1.3	0.9	20	1.5
Pizza mięsno-ziołowa	327	16.5	13.4	36.8	710	346	315	2.3	2.9	587	1.9
Pizza z pieczarkami i cebulą	289	12	13.3	32.1	376	309	276	2	3	416	2
Bakłażan	21	1.1	0.1	6.3	2	305	18	0.6	2	42	2.5
Boćwina	17	2.1	0.5	5.5	56	548	97	2.2	34	4020	4.4
Bób	66	7.1	0.4	14	7	261	60	1.9	32	170	5.8
Brokuły	27	3	0.4	5.2	7	385	48	0.9	83	920	2.5
Brukselka	37	4.7	0.5	8.7	10	416	57	0.9	94	447	5.4
Burak	38	1.8	0.1	9.5	52	348	41	1.7	10	12	2.2
Cebula	30	1.4	0.4	6.9	6	121	25	0.5	6	12	1.7
Chrzan	67	4.5	0.6	18.1	7	740	78	1.2	114	20	7.3
Cukinia	15	1.2	0.1	3.2	3	250	15	0.4	9	205	1
Cykoria	21	1.7	0.2	4.1	6	237	32	0.9	10	1586	1
Czosnek	146	6.4	0.5	32.6	17	400	41	1.7	31	0	4.1
Dynia	28	1.3	0.3	7.7	4	278	66	0.8	8	2974	2.8
Fasola biała, nasiona suche	288	21.4	1.6	61.6	19	1188	163	6.9	2	0	15.7
Fasola mung, kiełki	29	3	0.4	6.2	2	132	13	0.7	13	12	3
Fasola szparagowa	27	2.4	0.2	7.6	6	264	65	1.1	23.8	378	3.9
Groch, nasiona suche	293	23.8	1.4	60.2	30	937	57	4.7	2	117	15
Groszek zielony	76	6.7	0.4	17	2	353	22	1.9	34.2	408	6
Jarmuż	29	3.3	0.7	6.1	12	530	157	1.7	120	5350	3.8
Kalafior	22	2.4	0.2	5	26	214	13	0.6	69	10	2.4
Kalarepa	29	2.2	0.3	6.5	8	304	42	0.9	64.7	200	2.2
Kapusta biała	29	1.7	0.2	7.4	19	228	67	0.3	48	52	2.5
Kapusta czerwona	27	1.9	0.2	6.7	11	269	46	0.5	54	15	2.5
Kapusta pekińska	12	1.2	0.2	3.2	9	150	45	0.3	27	840	1.9
Kapusta włoska	38	3.3	0.4	7.8	9	306	77	0.4	60	42	2.6
Koper ogrodowy	26	2.8	0.4	6.1	7	396	64	2.7	31	2100	3.3
Kukurydza, kolby	110	3.7	1.5	23.4	7	283	6	0.8	12	56	3.3
Marchew	27	1	0.2	8.7	82	282	36	0.5	3.4	9938	3.6
Ogórek	13	0.7	0.1	2.9	11	125	15	0.2	8	170	0.5
Papryka czerwona	28	1.3	0.5	6.6	3	255	13	0.6	144	3165	2
Papryka zielona	18	1.1	0.3	4.6	2	176	12	0.5	91	193	2
Pasternak	56	1.6	0.6	15.5	3	490	41	0.7	17	20	4.5
Pietruszka, korzeń	38	2.6	0.5	10.5	49	399	43	1.1	45	30	4.9
Pietruszka, liście	41	4.4	0.4	9	39	695	193	5	177.7	5410	4.2
Pomidor	15	0.9	0.2	3.6	8	282	9	0.5	23	640	1.2
Por	24	2.2	0.3	5.7	6	248	48	1.1	20.2	885	2.7
Rabarbar	9	0.5	0.1	4.6	2	136	52	0.6	9	61	3.2
Rzepa	26	1.1	0.3	8.2	17	280	40	0.5	16	60	3.5
Rzodkiewka	14	1	0.2	4.4	11	236	29	0.8	20.6	9	2.5
Sałata	14	1.4	0.2	2.9	4	134	24	0.7	13	1153	1.4
Seler korzeniowy	21	1.6	0.3	7.7	86	320	40	0.5	8.2	21	4.9
Seler naciowy	13	1	0.2	3.6	62	320	41	0.4	3.4	60	1.8
Soczewica czerwona, nasiona suche	327	25.4	3	57.5	2	874	46	5.8	3	60	8.9
Soczewica, kiełki	120	9	0.6	22.1	9	292	29	2.9	17	30	3
Soja, nasiona suche	382	34.3	19.6	32.7	1	2132	240	8.9	0	12	15.7
Soja, kiełki	141	13.1	6.7	9.6	14	484	67	2.1	15	6	2.6
Szczaw	21	1.1	0.8	4.9	14	333	80	2	35	3848	2.6
Szczypiorek	29	4.1	0.8	3.9	2	252	97	1.3	41	3400	2.5
Szparagi	18	1.9	0.2	3.7	2	300	22	0.7	26	608	1.5
Szpinak	16	2.6	0.4	3	26	235	93	2.8	67.8	4243	2.6
Ziemniaki wczesne	69	1.8	0.1	16.3	7	415	4	0.5	16	5	1.3
Ziemniaki późne	85	1.9	0.1	20.5	7	491	4	0.6	11	5	1.6
Ziemniaki, średnio	77	1.9	0.1	18.3	7	443	4	0.5	14	5	1.5
Brokuły mrożone	24	2.7	0.4	4.7	6	312	39	0.7	52.3	828	2.3
Brukselka mrożona	36	4.5	0.5	8.4	9	359	49	0.8	63.2	429	5.2
Buraki puree mrożone	34	1.6	0.1	8.6	42	282	33	1.4	6.3	11	2
Fasolka szparagowa mrożona	24	2.2	0.2	6.8	5	214	53	0.9	15	340	3.5
Groszek zielony mrożony	72	6.4	0.4	16.3	2	305	19	1.6	23	392	5.8
Kalafior mrożony	20	2.2	0.2	4.5	21	173	11	0.5	43.5	9	2.2
Marchew mrożona	24	0.9	0.2	7.8	66	228	29	0.4	2.1	8944	3.2
Ogórki, mizeria mrożone	12	0.6	0.1	2.6	9	101	12	0.2	5	153	0.5
Pomidor mrożony	15	0.9	0.2	3.6	8	282	9	0.5	20.7	640	1.2
Szpinak mrożony	15	2.3	0.4	2.7	21	190	75	2.3	42.7	3819	2.3
Barszcz ukraiński mrożony	28	1.6	0.2	7.1	30	256	34	0.9	13.2	1048	2.3
Bukiet z jarzyn wiosennych mrożony	30	2.8	0.3	7.5	19	235	33	0.8	29.6	1550	3.6
Bukiet z jarzyn z makaronem mrożony	132	5.3	1.2	27.8	23	244	29	1.4	27.8	2518	3.1
Bukiet z jarzyn z ryżem mrożony	66	2.4	0.3	15.6	16	261	16	0.7	28.7	1506	2.3
Kapuśniak mrożony	36	1.4	0.2	9	21	253	30	0.4	19.2	1191	2.1
Marchew z groszkiem mrożona	39	2.6	0.3	10.4	47	251	26	0.8	8.4	6378	4
Paprykarz mrożony	19	1.1	0.3	4.4	5	265	14	0.5	49.7	1148	1.5
Sałatka jarzynowa z kukurydzą mrożona	63	3.4	0.6	14.8	29	256	19	1	10.2	3711	4
Sałatka meksykańska mrożona	45	2.5	0.5	10.8	23	243	24	0.7	34	2542	3.4
Sałata skandynawska mrożona	28	1.9	0.2	6.9	36	315	38	1	34.1	2124	2.4
Włoszczyzna krojona w paski mrożona	25	1.4	0.3	7.9	58	261	32	0.6	10.3	4081	3.8
Zupa jesienna mrożona	27	1.6	0.2	7.2	36	241	30	0.8	17.1	2322	2.5
Zupa kalafiorowa mrożona	22	2	0.2	5.5	30	197	18	0.5	33.6	1395	2.6
Zupa włoska mrożona	27	1.8	0.3	6.9	32	239	20	0.6	18.8	2887	2.8
Zupa ziemniaczana mrożona	41	1.5	0.2	11	37	293	22	0.6	8.9	2753	2.8
Zupa zimowa mrożona	25	2.1	0.3	6.9	34	236	34	0.7	23.1	3310	3.4
Fasola cięta, konserwowa bez zalewy	16	1.5	0.2	4.5	256	124	43	1.3	2.6	256	2.4
Fasolka flageolet, konserwowa	61	6.3	0.2	15	291	299	56	1.9	3.7	85	6.7
Groszek zielony, konserwowy bez zalewy	63	4.9	0.2	15.8	178	114	40	1.7	4	253	5.7
Kapusta kwaszona	11	1.1	0.2	3.4	260	211	36	0.5	16	18	2.1
Koncentrat pomidorowy 30%	92	5.6	1.5	16.7	30	1072	55	1.9	38.1	3448	2.8
Mąka sojowa pełnotłusta	424	45	23.5	20.1	1	2307	269	9.1	0	66	11.9
Ogórek kwaszony	11	1	0.1	1.9	703	99	18	0.4	4	100	0.5
Papryka czerwona konserwowa	30	0.8	1.5	5	291	78	14	3	81.2	800	1.8
Skrobia ziemniaczana	342	0.6	0.1	83.9	5	14	39	0.6	1.3	0	0.4
Sos keczup	93	1.8	1	22.2	962	335	27	1.4	22.7	1049	3.2
Szparagi konserwowe	19	2.1	0.7	2.5	290	130	14	0.4	15	169	1.5
Kukurydza konserwowa	103	2.9	1.2	23.6	270	220	4	0.5	1	210	3.9
Pieczarka uprawna, świeża	17	2.7	0.4	2.6	6	289	11	0.9	5	10	2
Agrest	41	0.8	0.2	11.8	2	230	20	0.5	25.9	160	3
Ananas	54	0.4	0.2	13.6	1	220	17	0.3	15	42	1.2
Arbuz	36	0.6	0.1	8.4	1	130	6	0.2	10	230	0.3
Awokado	160	2	15.3	7.4	10	600	11	1	8	42	3.3
Banan	95	1	0.3	23.5	1	395	6	0.4	9	48	1.7
Brzoskwinia	46	1	0.2	11.9	3	200	9	0.6	2.7	595	1.9
Cytryna	36	0.8	0.3	9.5	5	125	40	0.6	50	3	2
Czarne jagody	45	0.8	0.6	12.2	1	62	15	0.7	14.7	34	3.2
Czereśnie	61	1	0.3	14.6	2	202	13	0.3	15	69	1.3
Grejpfrut	36	0.6	0.2	9.8	2	277	22	0.2	40	19	1.9
Gruszka	54	0.6	0.2	14.4	2	118	12	0.3	5.3	11	2.1
Gujawa	38	0.8	0.6	11.9	5	210	12	0.4	230	475	4.7
Jabłko	46	0.4	0.4	12.1	2	134	4	0.3	9.2	24	2
Kiwi	56	0.9	0.5	13.9	4	290	25	0.4	59	43	2.1
Maliny	29	1.3	0.3	12	2	203	35	0.8	31.4	16	6.7
Mandarynki	42	0.6	0.2	11.2	1	189	30	0.3	30.8	97	1.9
Mango	67	0.5	0.3	17	7	201	11	0.5	28	2350	1.7
Melon	36	0.9	0.3	8.4	22	382	27	0.5	20	1100	1
Morele	47	0.9	0.2	11.9	1	275	23	0.6	6.7	1523	1.7
Nektarynka	49	0.9	0.2	11.8	1	214	9	0.5	13.7	103	1.2
Papaja	41	0.6	0.1	11.1	3	255	24	0.1	62	1200	1.9
Pomarańcza	44	0.9	0.2	11.3	3	183	33	0.4	49	114	1.9
Porzeczki białe	33	1	0.2	13.1	1	275	30	1	40	0	6.4
Porzeczki czarne	36	1.3	0.2	14.9	2	336	39	1.2	182.6	81	7.9
Porzeczki czerwone	31	1.1	0.2	13.8	2	259	36	0.9	45.8	24	7.7
Poziomki	33	0.8	0.5	8.3	1	147	28	0.8	60	14	2
Śliwki	45	0.6	0.2	11.7	2	208	16	0.5	5.2	295	1.6
Truskawki	28	0.7	0.4	7.2	1	133	26	0.7	66	14	1.8
Winogrona	69	0.5	0.2	17.6	2	226	17	0.3	5.4	20	1.5
Wiśnie	47	0.9	0.4	10.9	3	150	13	0.3	12	240	1
Czarne jagody mrożone	45	0.8	0.6	12.2	1	62	15	0.7	13.2	34	3.2
Maliny mrożone	29	1.3	0.3	12	2	203	35	0.8	28.3	16	6.7
Porzeczki czarne mrożone	36	1.3	0.2	14.9	2	336	39	1.2	164.3	81	7.9
Śliwki bez pestek mrożone	45	0.6	0.2	11.7	2	208	16	0.5	4.7	295	1.6
Truskawki mrożone	28	0.7	0.4	7.2	1	133	26	0.7	59.4	14	1.8
Wiśnie bez pestkek mrożone	47	0.9	0.4	10.9	3	150	13	0.3	10.8	240	1
Mieszanka owocowa mrożona	40	0.9	0.3	12.1	2	215	23	0.6	24.9	143	3.8
Banany suszone	360	3.8	1.1	88.8	4	1493	23	1.5	0.2	181	6.4
Daktyle suszone	277	2	0.4	74	35	688	70	2	3	40	8.7
Figi suszone	290	3.6	1.2	78	44	938	203	3.3	2.5	78	12.9
Jabłka suszone	238	2.1	2.1	62.3	10	665	20	1.5	11.6	124	10.3
Morele suszone	284	5.4	1.2	72.2	5	1666	139	3.6	31.7	7842	10.3
Rodzynki suszone	277	2.3	0.5	71.2	21	833	78	2.3	1	12	6.5
Śliwki suszone z pestką	266	3.5	1.2	68.9	12	804	72	1.5	5.6	925	9.4
Dżem ananasowy niskosłodzony	157	0.2	0.1	38.6	1	89	7	0.1	2.5	17	0.5
Dżem brzoskwiniowy niskosłodzony	155	0.5	0.1	38.3	2	94	5	0.3	1.8	279	0.9
Dżem z czarnych porzeczek niskosłodzony	152	0.5	0.1	39.6	1	119	14	0.4	29.3	28	2.8
Dżem z czarnych porzeczek wysokosłodzony	251	0.5	0.1	63.9	1	120	14	0.4	32.3	29	2.8
Dżem jagodowy niskosłodzony	153	0.3	0.2	38.2	1	26	6	0.3	2.9	14	1.3
Dżem z kiwi niskosłodzony	154	0.4	0.2	37.8	2	114	10	0.2	9.5	17	0.8
Dżem morelowy niskosłodzony	157	0.4	0.1	38.8	1	121	10	0.3	1.4	668	0.7
Dżem pomarańczowy niskosłodzony	159	0.3	0.1	39.2	1	56	10	0.1	7.3	35	0.6
Dżem śliwkowy niskosłodzony	153	0.3	0.1	37.9	1	102	8	0.2	1.3	144	0.8
Dżem śliwkowy wysokosłodzony	251	0.3	0.1	62.1	2	104	8	0.2	1.3	145	0.8
Dżem truskawkowy niskosłodzony	153	0.3	0.2	37.8	1	63	13	0.3	11.4	7	0.8
Dżem truskawkowy wysokosłodzony	252	0.3	0.2	62.3	1	64	13	0.3	11.5	7	0.9
Dżem wiśniowy niskosłodzony	154	0.4	0.2	37.5	2	68	6	0.1	2.7	108	0.4
Dżem wiśniowy wysokosłodzony	252	0.4	0.2	61.7	2	72	7	0.1	2.8	114	0.5
Powidła śliwkowe	214	1	0.2	53	3	346	40	2.2	3	460	1.8
Ananas, plastry w syropie	84	0.4	0.1	21	1	105	14	0.2	8	18	1
Oliwki zielone marynowane	125	1.4	12.7	4.1	2400	55	61	1.6	0	180	2.4
Brzoskwinia w syropie	73	0.4	0.1	18.2	6	92	3	0.3	4	260	0.9
Migdały	572	20	52	20.5	14	778	239	3	5.6	0	12.9
Orzechy arachidowe	560	25.7	46.1	19.2	16	720	58	3.2	0	0	7.3
Orzech kokosowy	335	3.4	33.5	15.2	20	355	14	1.8	3	0	9
Wiórki kokosowe	606	5.6	63.2	27	28	660	23	3.6	0	0	21.1
Orzechy laskowe	640	14.4	63	14.9	2	616	186	3.4	3	30	8.9
Orzechy pistacjowe	589	20.5	48.5	25	6	1090	135	6.7	0	140	6.1
Orzechy włoskie	645	16	60.3	18	4	474	87	1.8	5.8	48	6.5
Mak niebieski	478	20.1	42.9	24.7	6	963	1266	8.1	0	0	20.5
Sezam, nasiona	632	23.2	59.9	10	13	387	114	5.9	0	12	7.9
Słonecznik, nasiona	561	24.4	43.7	24.6	3	793	131	4.2	0	30	6
Dynia, pestki	556	24.5	45.8	18	18	810	43	15	0	228	5.3
Cukier	406	0	0	99.8	1	2	1	0	0	0	0
Miód pszczeli	324	0.3	0	79.5	7	46	5	0.9	1.4	0	0
Miód sztuczny	336	0.1	0	82.5	19	5	6	0	0	0	0
Irysy, krówki	421	4.3	10.7	76.1	97	266	181	0.2	0	30	0
Karmelki nadziewane	378	0.3	0.5	92	80	18	23	1.4	0	0	0.3
Karmelki twarde	399	0	0	98.2	30	3	23	0.4	0	0	0
Kakao 16%, proszek	448	18.2	21.7	50.6	17	1927	138	10.7	0	12	5.7
Baton Bounty Milk	448	4.2	25.2	56.7	128	263	57	1.5	0	6	5.4
Baton Mars	451	3.6	18.2	68.9	186	192	95	1.2	0	10	1
Baton Milky Way	448	3.6	16.2	71.8	242	145	90	1.1	0	6	0.5
Baton Snickers	497	9.7	28.9	52.6	359	312	98	1.3	0	6	2.9
Baton Twix	483	5.3	23.2	64.2	170	159	109	1.3	0	10	1
Czekolada deserowa	531	5.3	28.9	64	3	456	33	1.7	0	18	1.4
Czekolada gorzka	554	6.7	34.3	56.6	4	581	42	2.1	0	23	1.7
Czekolada kawowa	526	5.5	29	62.7	5	498	36	1.8	0	18	1.8
Czekolada mleczna	549	9.8	32.8	54.7	95	607	294	1.2	1.4	49	0.7
Czekolada mleczna z orzechami laskowymi	539	8.6	30.9	57.3	100	474	300	0.7	1.5	24	0.4
Czekolada nadziewana	450	3.9	17.6	68.8	25	226	58	3.7	0	10	0.3
Czekolada śmietankowa z orzechami laskowymi	585	8.6	42.3	45.7	90	497	222	1.4	0.6	31	2.3
Czekolada biała	578	7.7	38.4	51	105	409	304	0.4	1.4	1	0
Delicje szampańskie	327	4.1	11.2	52.8	133	347	36	1.9	1.7	17	0.7
Herbatniki	437	8.2	11	76.8	297	123	35	1.3	0	1	1.3
"Herbatniki ""Corso"""	440	5	17.2	67.1	111	144	27	1.1	0.3	95	1.3
Herbatniki z cukrem	460	6.7	17.2	70.7	130	97	38	0.9	0	1	1.6
Herbatniki z czekoladą	493	5.9	25.5	61.2	134	240	44	1.5	0	1	1.2
Herbatniki w czekoladzie	489	6.3	24	63.1	134	426	44	2.5	0	1	1.2
Herbatniki w czekoladzie z orzechami	492	6	23.7	64.7	140	279	52	1.7	0	1	1.2
Herbatniki kakaowe	474	6.9	22.3	62.9	137	182	50	1.3	0	2	1.6
Herbatniki kokosowe	473	6.4	25.2	59.8	141	192	49	1.3	0.1	2	4.5
Herbatniki z nadzieniem czekoladowym	497	5.5	27.9	57.3	128	188	68	1.1	0.2	2	1.3
Herbatniki z nadzieniem owocowym	390	3.8	16.1	58.6	120	180	37	1.3	0.6	171	1.5
Herbatniki sezamowe	503	8.1	28.6	55.7	133	128	53	1.5	0	3	2.2
Markizy	483	5.6	23	64.3	129	113	56	0.7	0.2	1	1.2
Paluszki z kminkiem	489	16.5	30.5	38.9	894	223	77	3.4	0	16	1.3
Pierniki alpejskie	367	4	9.7	66.3	174	382	95	2.7	0.4	136	1.2
Pierniki beskidzkie	338	3.5	1.6	77.3	193	62	98	0.6	0.9	2	1
Solinki, paluszki	385	9.9	4.9	75.2	1093	141	24	1.7	0	0	1
Wafle nadziewane	519	8.3	27.5	60.7	111	163	86	0.8	0	34	1.2
Wafle w czekoladzie	553	7.4	33.9	55.6	91	645	138	2.8	0.7	17	0.7
Sezamki	505	10.2	26.4	60.1	84	171	51	2.6	0	5	3.5
Babka biszkoptowa	340	8.2	4.3	67.1	56	101	27	1.3	0	5	0.9
Bułeczki drożdżowe z jabłkami	268	5.9	7.3	46.2	103	159	29	1	2	13	2.1
Ciasto drożdżowe	290	7.4	8.2	47.7	139	132	36	1.1	0.1	16	1.6
Ciasto kruche podstawowe	429	5.2	23.8	49.9	26	74	14	0.7	0	50	1.2
Ciastka francuskie ze śliwkami	432	5	26.8	44.8	160	147	20	0.9	1	169	1.7
"Ciastka ""Karpatki"""	449	4.7	30.9	39.1	64	60	19	0.8	0	37	0.5
"Ciastka ""Napoleonki"""	348	5.9	17	43.6	131	111	55	0.8	0.2	6	0.8
Ciastka tortowe z owocami świeżymi	276	3.2	9	47.2	27	133	24	1	15.4	74	2
Eklery z bitą śmietaną	317	5.8	18	33.5	60	104	44	1	0.1	78	0.5
Jagodzianki	314	7.1	5.4	60.6	137	129	36	1.2	1.6	10	2.1
Keks bakaliowy	384	6.4	17.6	53.5	47	343	61	1.6	0.3	40	3.6
Piernik z bakaliami	341	5.9	9.8	59.4	126	272	41	1.6	0.2	6	2.7
Placek z kruszonką	344	7.1	10.3	56.7	35	125	39	1	0.1	3	1.5
Ptysie z bitą śmietaną	347	5.4	25	25.8	60	108	65	0.7	0	113	0.3
Rolada z masą makową	340	9.2	15.8	44.5	51	349	240	2.7	0.5	235	4.3
Rożki z ciasta francuskiego z jabłkami	392	4.7	25.3	38.5	149	116	14	0.8	1.7	62	1.8
Sernik bez ciasta	361	13.5	18.3	36.2	64	150	69	0.8	0.1	80	0.7
Sernik krakowski	325	13.8	13.4	37.7	85	132	89	0.6	0.3	116	0.6
Sernik z rodzynkami	333	13.9	13.4	39.7	86	156	91	0.6	0.3	116	0.8
Sernik wiedeński z polewą kakaową	305	12.5	14.5	31.5	95	175	53	1.8	0	40	0.5
Tort ananasowy	307	4.4	10.8	48.3	56	76	19	0.8	0.9	21	0.7
Herbata, napar bez cukru	0	0.1	0	0	11	16	5	0.1	0	0	0
Kawa, napar bez cukru	2	0.2	0	0.3	14	126	9	0.2	0	0	0
Sok ananasowy	48	0.3	0.1	11.4	1	134	17	0.3	6	6	0.1
Sok z czarnej porzeczki	53	0.3	0.1	12.7	1	60	14	1	23.4	27	0.1
Sok cytrynowy	30	0.4	0.3	6.4	1	102	11	0.1	50	12	0.1
Sok grejpfrutowy	40	0.5	0.1	9.2	1	102	11	0.1	38	6	0.1
Sok jabłkowy	42	0.1	0.1	10	2	110	9	0.2	2.3	12	0
Sok marchwiowy	43	0.4	0.1	11.3	29	99	13	0.2	1.2	3478	1.3
Sok marchwiowo-brzoskwiniowy	43	0.5	0.1	11.3	21	111	11	0.2	1.4	2604	1.3
Sok marchwiowo-jabłkowy	46	0.5	0.3	12.3	30	163	15	0.3	5.6	3490	2.2
Sok marchwiowo-jabłkowo-pomarańczowy	44	0.6	0.2	11.8	26	153	18	0.3	13	3010	1.9
Sok marchwiowo-pomarańczowy	40	0.6	0.1	10.8	26	149	22	0.3	18.2	3021	1.7
Sok z marchwi, jabłek i owoców tropikalnych	52	0.7	0.3	14	27	208	17	0.4	26.4	3195	2.6
Sok pomarańczowy	43	0.6	0.1	9.9	2	175	8	0.4	43.1	78	0.1
Sok pomidorowy	13	0.8	0.1	2.6	126	206	8	0.3	14.8	498	0.4
Sok wielowarzywny	25	1	0.3	5.7	312	190	16	0.5	12	1001	1.2
Coca Cola, Pepsi Cola	42	0	0	10.4	14	2	8	0	0	0	0
Napoje gazowane o smaku owocowym	42	0	0	10.3	8	27	7	0	1	0	0
Lemoniada	24	0	0	5.8	7	15	5	0	0	0	0
Piwo pełne 10-15%	49	0.5	0	3.8	3	26	6	0.1	0	0	0
Szampan	76	0.3	0	1.4	4	57	3	0.5	0	0	0
Wermut słodki	155	0	0	15.9	28	30	6	0.4	0	0	0
Wino białe półwytrawne	81	0	0	3.7	3	70	10	1.8	0	0	0
Wino białe słodkie	95	0.2	0	5.9	13	110	14	0.6	0	0	0
Wino białe wytrawne	66	0.1	0	0.6	4	61	9	0.5	0	0	0
Wino czerwone	68	0.1	0	0.2	7	110	7	0.9	0	0	0
Wódki	220	0	0	0	0	0	0	0	0	0	0
Drożdże piekarskie, prasowane	92	11.3	2	14.5	41	592	30	5	0	0	7.4
Chipsy bekonowe	537	5.9	38	52.2	746	828	31	1.7	17	0	8.7
Chipsy paprykowe	549	6	40	50.4	859	893	34	1.6	17	0	8.4
Chipsy solone	552	5.6	40.7	49.9	690	801	18	1.7	17	0	8.3
"Przyprawa ""Jarzynka"""	90	1.9	0.4	23.3	23982	354	74	1.5	1.4	868	4
Majonez domowy z olejem rzepakowym	714	1.3	79	2.6	396	15	14	0.5	0	2	0.1
Majonez domowy z olejem słonecznikowym	714	1.3	79	2.6	396	15	14	0.6	0	2	0.1
Musztarda	162	5.7	6.4	22	760	165	95	1.8	0	0	1.7
Sól biała	0	0	0	0	38850	0	29	0.2	0	0	0
Żelatyna	343	84.2	0.1	0	32	22	11	0	0	0	0
Barszcz czerwony zabielany	32	2	1.4	3.3	39	86	16	0.5	1	9	0.4
Barszcz ukraiński I	36	1.9	0.6	6.9	60	206	26	0.8	6.3	575	1.3
Barszcz ukraiński II	53	2.1	2.7	6.5	29	175	23	0.6	4.5	484	1.4
Barszcz z boćwiną	29	1.5	1.7	2.5	25	74	17	0.4	1.6	297	0.5
Kapuśniak z kapusty kwaszonej	22	1.4	1.2	1.6	59	48	8	0.2	1.6	22	0.3
Kapuśniak ze słodkiej kapusty	31	0.7	2.1	3.2	11	87	20	0.2	6	335	0.8
Krem z zielonego groszku	64	3.1	3.8	5.9	21	115	19	0.7	5	125	1.6
Krupnik z kaszy gryczanej	43	1.7	1.2	7.2	24	150	9	0.4	3.6	553	0.9
Krupnik z kaszy jęczmiennej I	40	1.5	0.9	7.4	23	143	9	0.3	3.6	553	0.9
Krupnik z kaszy jęczmiennej II	44	1.3	1.2	7.6	15	114	3	0.3	2	21	0.6
Krupnik z ryżu	43	1.5	1.1	7.6	24	137	8	0.3	3.6	553	0.8
Zupa cebulowa	44	1.4	2.7	4	35	41	12	0.2	0.8	27	0.4
Zupa cytrynowa z ryżem	58	1.4	2.2	8.7	24	49	7	0.2	1.6	484	0.6
Zupa fasolowa	63	4	1.8	10	17	193	27	1.1	0.5	19	2.4
Zupa grochowa	66	4.4	2.4	8.9	21	148	9	0.8	0.2	17	2.2
Zupa grzybowa zabielana	26	1.3	1.8	1.3	23	43	9	0.2	0.6	30	0.2
Zupa jarzynowa	28	1.4	1.1	4.3	79	133	18	0.5	3.3	891	1.2
Zupa jarzynowa ze śmietaną	43	1.7	1.8	6.2	28	177	17	0.4	6.4	572	1.1
Zupa kalafiorowa I	27	1.6	0.5	4.9	27	130	15	0.3	8.9	557	1
Zupa kalafiorowa II	34	1.8	2.3	2.1	33	68	10	0.2	8.6	8	0.6
Zupa ogórkowa	42	1.4	2	5	84	112	9	0.2	1.7	16	0.4
Zupa owocowa z jabłek	42	0.1	0.1	10.6	1	38	2	0.1	1.4	7	0.6
Zupa pomidorowa	11	1	0.1	2.1	22	85	9	0.3	2.8	685	0.5
Zupa pomidorowa z makaronem	35	1.5	1.8	3.3	26	54	10	0.2	1	116	0.2
Zupa pomidorowa z ryżem	37	1.5	1.8	3.9	25	54	10	0.2	1	116	0.2
Zupa pomidorowa zabielana I	17	1.2	0.6	2.3	24	92	15	0.3	2.8	688	0.5
Zupa pomidorowa zabielana II	28	1.3	1.8	1.9	25	51	10	0.2	1	116	0.1
Zupa selerowa	38	1.6	1.8	4.5	35	121	13	0.2	2	29	0.8
Zupa selerowa z grzankami	51	1.8	1.9	8.1	75	104	15	0.4	2.7	555	1.4
Zupa szczawiowa	40	1.6	2.5	2.9	30	62	31	0.2	1.4	271	0.2
Zupa szpinakowa z ziemniakami	40	2.2	0.9	6.6	33	180	39	0.6	7	1012	1
Zupa z fasoli szparagowej	43	2.2	0.6	8.9	124	233	31	0.9	4.9	655	1.8
Zupa z porów z makaronem	58	2.4	1.4	10.3	30	122	20	0.5	4.2	1174	1.4
Zupa z zielonego groszku	57	3.2	1.2	11.2	97	191	24	0.9	3.7	1073	3.1
Zupa ziemniaczana	38	1.4	1.1	6.6	24	177	8	0.3	4.3	553	0.9
Zupa ziemniaczana ze śmietaną	47	1.5	1.9	6.5	22	151	9	0.2	2.7	27	0.5
Żurek	124	2.2	3.1	23.5	7	276	13	0.5	4.5	30	1.9
Zupa neapolitańska	63	2.2	2.6	8.2	38	42	36	0.2	0.5	277	0.5
Kasza manna na wywarze jarzynowym	21	0.5	0.8	3.4	5	30	4	0.1	2	369	0.4
Kasza jęczmienna na mleku	63	2.6	2.2	8.5	29	109	78	0.2	0.5	13	0.4
Kasza manna na mleku	66	2.7	2.1	9.3	28	96	76	0.1	0.5	12	0.2
Kluski lane na mleku	69	3.6	3.1	6.8	43	129	104	0.2	0.7	17	0.1
Makaron na mleku	66	2.9	2.3	8.5	30	102	78	0.2	0.4	14	0.2
Płatki owsiane na mleku	62	2.7	2.3	8.2	24	106	68	0.4	0.4	11	0.6
Ryż na mleku	66	2.7	2.1	9.1	29	99	77	0.1	0.5	13	0.2
Dorsz w jarzynach	117	15.6	4.9	3.9	109	439	23	0.8	7.9	1603	1.4
Filety z dorsza po grecku	152	10.6	10.8	4.6	70	338	19	0.7	7	1146	1.2
Filety z dorsza smażone, panierowane	273	19.1	15.8	14.6	167	404	15	1.1	1	1	1
Karp w galarecie (z warzywami)	136	26.1	2.9	2.1	97	295	20	0.7	4.3	905	0.9
Karp z wody (bez warzyw)	102	16	3.7	2	41	414	21	0.8	7.4	965	1
Kotlet mielony z dorsza	259	14.9	17.8	10.9	144	333	28	0.8	1.3	3	0.7
Pulpety z dorsza	112	14.2	2.6	8.8	131	348	17	0.9	3.3	778	1.1
Dorsz z rusztu	172	22.1	9.1	0.6	91	461	17	0.6	7.6	102	0.2
Łosoś smażony saute	380	21.1	31.4	4.1	53	391	15	1.1	1	15	0.1
Łosoś z rusztu	283	20.7	22.3	0.6	54	403	19	1.2	6.2	102	0.2
Cielęcina w potrawce	103	13.5	4	4	60	262	15	1.2	2.7	826	0.8
Klopsiki cielęce mielone	250	16.2	14.6	14.3	145	286	57	1.5	0.4	15	0.7
Kotlet cielęcy panierowany	364	27.1	21.3	17.4	206	526	23	4.1	0	14	1.2
Pieczeń cielęca duszona	192	20.1	11.8	1.7	89	406	13	2.9	0.2	194	0.2
Kotlet mielony z kury	382	19.9	27.8	14.3	157	342	42	2.1	0.2	30	0.7
Kura w galarecie	192	27.3	8.9	1.2	65	238	14	1.1	2	443	0.5
Kurczak gotowany w jarzynach	99	7.6	6.4	4.6	45	235	25	0.8	7.5	1516	1.7
Kurczęta pieczone	179	16.4	12.7	0.1	61	276	12	1.1	2.1	56	0.1
Potrawka z kurczaka	148	13.2	9	4.7	56	278	16	1	3.3	1147	1
Kotlety z kurczaka smażone saute	241	20.3	16.5	3.3	51	361	6	0.4	0	18	0.1
Kotlety z kurczaka smażone panierowane	247	19.7	15.7	7.6	107	349	12	0.7	0	17	0.6
Bitki wieprzowe	195	10.4	16.1	2.6	36	177	4	0.7	0	0	0.1
Bitki wieprzowe w jarzynach	199	10.7	16	4.3	51	239	12	0.9	2.2	786	0.9
Galaretka z nóżek wieprzowych	202	16.9	14.9	0.8	121	121	21	1.6	1.3	374	0.4
Kotlet schabowy panierowany	351	19	24.1	15.9	111	308	20	1.3	0	1	1
Wieprzowina pieczona	278	15.4	24.4	0	55	264	5	1.1	0	0	0
Pieczeń wieprzowa duszona	225	11.4	19.8	1.2	37	203	6	0.8	0.5	1	0.2
Rolada wieprzowa	412	21.1	32.5	10	133	356	12	1.6	0	24	0.4
Schab pieczony I	317	32.2	21.1	0	73	526	24	1.5	0	0	0
Schab pieczony II	291	30.4	18.7	0.7	61	507	24	1.5	0.6	1	0.2
Stek wieprzowy	472	21.7	42.7	1.5	84	382	25	1.8	0.1	14	0.1
Wątróbka wieprzowa saute	239	20.5	15.5	4.9	77	305	14	17.1	21.9	24	0.3
Wieprzowina gotowana	364	22.6	30	3.1	95	491	21	1.8	5.8	1715	1.4
Żeberka duszone wieprzowe	210	7.9	19.2	2.2	32	138	16	0.7	0.5	1	0.2
Befsztyk bity wiejski	258	19.4	19.6	1.6	40	372	19	3.3	0.6	10	0.2
Bitki wołowe	103	13.6	4.3	2.4	53	242	3	1.5	0	0	0.1
Bitki wołowe w jarzynach	116	14.3	4.4	6.6	87	389	21	1.8	6.7	2781	2
Boeuf Strogonow	219	19.5	14.3	3.7	60	341	21	2.2	0.8	34	0.3
Bryzol wołowy z polędwicy	252	24.6	16.6	1.4	63	467	6	3.8	0	13	0
Gulasz wołowy	148	14	9.2	2.6	53	267	6	1.6	1.2	90	0.3
Polędwica wołowa pieczona	168	19.7	9.9	0	61	376	5	3	0	0	0
Pieczeń wołowa duszona	156	15.8	9.5	2	58	286	4	1.8	0.2	0	0.1
Sztuka mięsa I	247	33.9	11.4	3.8	127	675	32	4	6.8	2162	1.7
Sztuka mięsa II	223	30.6	10.3	3.2	107	592	31	3.6	9.3	884	1.3
Zrazy wołowe zawijane ze słoniną	145	12.1	9.4	3.2	45	222	4	1.4	0.5	1	0.2
Klopsiki mielone z mięsa mieszanego	272	13.5	17.5	15.9	113	234	10	1.3	0.4	1	0.6
Kotlet mielony z mięsa mieszanego	284	13	21.1	11.8	108	232	10	1.3	0.4	1	0.7
Pasztet z mięsa mieszanego	361	15	31.1	6.6	94	240	14	4.2	4.5	4	0.4
Pieczeń rzymska	208	14.4	11.4	12.7	136	250	9	1.5	0	1	0.6
Pulpety z mięsa mieszanego	223	18.7	11.1	13.4	155	396	20	2.1	4.3	1260	1.4
Medaliony z indyka	247	18.6	17.9	3.4	45	442	3	0.5	0	15	0.1
Bigos popularny	119	5.1	9.9	3.9	170	193	28	0.6	3.3	36	1.3
Fasolka po bretońsku	141	8	6.6	15.9	152	332	41	1.9	1.1	50	3.6
Gołąbki z mięsem i ryżem w sosie pomidorowym	108	3.6	6.7	10	20	200	38	0.4	22.6	222	1.7
Papryka nadziewana mięsem i ryżem	160	4.4	10.6	13.7	16	239	16	0.7	63	1504	1.7
Risotto z mięsem i warzywami	185	6.6	10	18.3	33	169	18	0.6	2.3	1016	1.2
Mizeria ze śmietaną	33	1	2.2	2.8	15	112	30	0.2	3.2	120	0.4
Sałata zielona z pomidorem, ogórkiem i olejem	56	0.9	4.7	3.6	6	152	15	0.5	7.1	592	1
Sałata zielona z olejem	111	1	11.6	2.1	3	99	18	0.5	5.3	755	1
Sałata zielona ze śmietaną	41	1.4	2.3	4.5	10	113	35	0.5	4.9	704	0.9
Surówka z cykorii i jabłek	161	1	16.4	3.8	4	130	17	0.6	2.7	633	0.8
Surówka z kapusty białej	67	1.6	4.7	7	17	204	59	0.3	22.6	40	2.3
Surówka z kapusty kwaszonej	68	0.9	4.7	7.5	176	174	27	0.4	9.9	15	1.9
Surówka z marchwi	47	1.1	2.3	7.7	51	199	39	0.3	2.8	4723	2.3
Surówka z marchwi i jabłek	59	1	0.3	16.6	70	287	32	0.5	4.8	7497	3.8
Surówka z ogórków i pomidorów	32	1.1	1.8	3.6	14	157	27	0.3	7.6	211	0.7
Surówka z owoców	103	0.5	0.3	25.9	2	149	11	0.4	4.1	103	1.8
Surówka z owoców i warzyw	148	1.1	14.3	5.1	8	141	12	0.5	4.8	437	1
Surówka z papryki	91	1	7.5	6.3	6	201	15	0.5	36.1	1311	1.3
Surówka z pomidorów	14	0.8	0.2	3.2	7	253	8	0.4	11.5	511	1.1
Surówka z porów z jabłkami	141	1.7	12.5	7.9	5	190	34	0.9	15	518	2.2
Surówka z rzodkiewki	93	7.5	5.9	3.5	25	147	67	0.4	8.1	276	0.9
Surówka z selerów	92	1.1	7.5	8.9	58	236	27	0.4	7	16	3.6
Surówka z selerów, jabłek i marchwi	60	0.9	0.4	16.5	44	240	22	0.4	9.1	1978	3.5
Surówka z kapusty pekińskiej, jabłek, papryki z olejem	53	1.1	3.8	5.7	7	172	35	0.4	32.5	799	2.1
Surówka z kapusty pekińskiej z majonezem	94	1.6	8.1	6	29	169	44	0.4	20.2	752	2.2
Surówka wielowarzywna z jogurtem naturalnym	35	1.7	0.6	7	17	222	45	0.5	55.1	909	1.3
Brukselka z wody	110	4.2	7.1	12	22	348	49	0.8	68.6	353	4.6
Buraki	70	1.5	3.5	10	46	278	33	1.4	7.1	8	1.8
Buraki z jabłkami	70	1.5	3.3	10.3	44	272	32	1.3	7.3	10	1.8
Buraki zasmażane	84	1.6	5.5	8.7	39	265	32	1.3	6.8	8	1.7
Buraki ze śmietaną	68	1.8	3.6	8.8	46	274	42	1.3	6.6	15	1.7
Ćwikła	40	1.6	0.1	10.2	42	311	36	1.4	11.2	9	2.1
Dynia z pomidorami	44	1.2	2.4	6.5	5	269	44	0.7	11.4	1823	2.1
Fasolka szparagowa	97	2.9	6.9	10.3	21	288	71	1.2	22.5	385	4.3
Groszek zielony z masłem	100	3.7	6.8	9.3	2	192	13	1	16.4	223	3.2
Kalafior z wody	83	2	6.8	5.5	32	150	11	0.5	41.1	33	1.8
Kapusta biała zasmażana	69	1.6	4.7	7.2	16	180	52	0.3	32.4	35	2
Marchewka z groszkiem I	64	1.7	3.1	10.8	90	204	31	0.7	2.6	5725	3.4
Marchewka z groszkiem II	82	1.9	5.5	9.4	87	206	44	0.6	2.4	5327	3
Marchewka zasmażana	69	1	4.8	8.4	66	228	30	0.4	1.5	7079	2.9
Sałatka jarzynowa	192	2.9	16.5	10.9	78	252	27	1	5.6	702	2.5
Sałatka z groszku zielonego	159	4	13.1	10.4	115	113	31	1.3	2.1	126	3.7
Sałatka z czerwonej kapusty	83	1.4	6.5	7	8	211	33	0.4	21.1	13	2.1
Szpinak zasmażany	82	3.7	6.1	6.2	37	283	123	3.1	73.4	4097	2.9
Sałatka jarzynowa z majonezem i jogurtem naturalnym	116	3.2	7.5	11.6	118	269	41	0.9	5.7	703	2.5
Pieczarki smażone	232	3.4	24.3	3.3	9	352	16	1.1	4.7	71	2.4
Bliny ziemniaczane	257	5.6	16.3	23.6	100	371	59	1	8.6	16	1.4
Budyń z mięsa i makaronu	171	10.6	4.4	23.1	60	223	44	1.4	1.4	346	1.1
Kasza gryczana na sypko z masłem roślinnym	132	4.5	2.3	25	4	160	9	1	0	0	2.1
Kasza gryczana na sypko ze smalcem	139	4.8	3	25	7	164	9	1	0	0	2.1
Kasza perłowa na sypko z masłem roślinnym	114	2.2	2	23.6	3	83	6	0.5	0	0	2
Kasza perłowa na sypko ze smalcem	119	2.2	2.5	23.6	1	83	6	0.5	0	0	2
Kluski kładzione	165	5.1	1.3	33.8	12	60	12	0.7	0	1	1.2
Kluski lane	93	4.1	2	14.9	26	46	12	0.6	0	2	0.5
Knedle ze śliwkami	162	2.7	5.9	25.8	13	256	12	0.6	6.2	101	1.5
Kopytka	147	4	0.7	32.3	11	342	10	0.7	8.8	4	1.7
Kopytka z masłem	151	3.6	1.5	31.8	7	328	9	0.6	8.5	7	1.6
Kulebiak	222	7.6	12.7	20.1	28	134	24	0.8	0.1	2	0.8
Leniwe pierogi z sera i ziemniaków	220	12.8	10.1	20.1	39	154	58	0.5	1.9	48	0.7
Leniwe pierogi z sera	242	14.5	13.9	15.1	62	101	68	0.5	0	39	0.3
Makaron z masłem	126	3.6	1.8	24.4	5	55	8	0.4	0	4	0.9
Makaron	107	3.3	0.7	22.3	5	50	7	0.4	0	0	0.8
Makaron z serem	140	6.3	5.2	17.5	12	51	25	0.3	0	22	0.6
Naleśniki z kapustą	147	3.2	9.2	15.2	24	207	67	0.5	31.4	36	2.2
Naleśniki z serem	242	10.1	10.3	27.4	39	94	60	0.5	0.1	40	0.4
Pierogi ruskie	167	5.6	5	25.7	11	218	19	0.5	4.9	22	1.2
Pierogi z mięsem I	146	7.1	4.1	20.5	33	104	8	0.8	0	9	0.7
Pierogi z mięsem II	219	12	11.6	17.3	37	185	11	1.4	0.2	1	0.7
Pierogi z serem I	237	11.2	8.4	29.7	29	86	48	0.5	0	25	0.8
Pierogi z serem II	238	10.9	9.9	26.8	23	79	50	0.6	0	42	0.6
Pierogi z truskawkami	240	3.8	11.4	32.3	31	99	19	0.8	22.8	48	1.8
Risotto z mięsem	229	7.4	11.8	24.2	25	145	7	0.6	1	56	0.9
Ryż na sypko z masłem roślinnym	135	2.4	1.5	28.4	4	40	4	0.3	0	0	0.9
Ryż na sypko ze smalcem	124	2.1	2	24.9	2	35	3	0.3	0	0	0.8
Ryż z jabłkami	153	2	2.1	32.3	13	93	21	0.3	3.5	9	1.2
Ziemniaki puree	90	2.1	1.4	18.4	10	446	12	0.5	3.9	10	1.5
Ziemniaki z tłuszczem	105	2	3.1	18.7	12	454	4	0.5	4	5	1.5
Pyzy	210	3.7	6.2	37.4	14	897	8	1.1	17.9	8	3
Pyzy z mięsem	292	7.8	14	36.2	37	714	11	1.2	17.8	7	2.6
Placki ziemniaczane	231	3.6	14.5	23.6	20	503	21	0.8	13.6	7	1.8
Makaron zapiekany z kapustą słodką	138	3.6	5.2	21.3	16	187	49	0.5	27.2	30	2.3
Kluski śląskie	169	2.6	3.8	32.1	16	377	12	0.6	10.4	4	1.4
Kotlety ziemniaczane	241	4.3	12.8	29.3	37	506	13	0.9	13.5	6	2.2
Łazanki z kapustą	147	3.5	7	18.9	17	131	33	0.6	18.5	21	1.6
Ciasto naleśnikowe biszkoptowe	186	8.2	5.9	25.5	65	145	74	1.1	0.4	8	0.7
Ciasto naleśnikowe bez piany	174	5.9	4.3	28.4	31	111	52	0.7	0.3	5	0.9
Jaja sadzone	168	9.9	14.2	0.6	111	105	38	1.7	0	36	0
Jajecznica	119	9.8	8.7	0.5	111	104	37	1.7	0	9	0
Kotlety z jaj	275	7.9	22.7	10.8	143	112	49	1.3	0.2	61	0.5
Omlet biszkoptowy ze szpinakiem	137	5.8	9.7	9.4	53	247	98	3	32.6	3291	2.5
Jaja gotowane	109	9.8	7.6	0.5	110	104	37	1.7	0	9	0
Buchty drożdzowe	303	6.2	11	45.6	32	101	44	1	0.2	4	1.3
Gruszki w sosie waniliowym	152	1.6	1.1	34.8	15	112	36	0.3	1	9	1.4
Jabłko pieczone	93	0.3	1.6	20.8	2	105	3	0.2	5.6	22	1.6
Jabłka w kruchym cieście	347	4.1	17.4	45.3	36	109	13	0.7	3.8	11	1.8
Kisiel porzeczkowy	98	0.3	0.1	25.7	1	77	12	0.3	8.2	12	2
Kisiel waniliowy	121	3.3	4.5	16.6	38	118	103	0.4	0	17	0
Kompot z jabłek	51	0.2	0.1	13.2	1	52	3	0.1	1.4	7	1
Kompot z wiśni	69	0.2	0.1	16.9	1	38	3	0.1	0.8	54	0.3
Lody waniliowe	139	2.7	1.6	28.1	35	72	53	0.2	0	5	0
Mus jabłkowy	127	2.2	0.5	28.7	38	84	3	0.2	1.1	9	0.8
Napój mleczny z truskawkami	109	1.2	0.7	24.9	11	87	39	0.3	26.3	9	0.7
Rolada biszkoptowa z dżemem	304	6.9	5.4	56.8	72	98	29	1.3	2.7	8	0.6
Truskawki w galaretce	127	15.4	0.2	16	6	50	11	0.2	22.8	5	0.6
Truskawki z bitą śmietaną	127	1.1	10.4	8.4	11	104	43	0.4	34.7	71	0.9
Befsztyk tatarski	195	18.4	12.3	3.4	197	340	40	3.1	1.1	14	0.5
Pasta z jaj	197	7.2	18.6	1.2	78	132	44	1.6	14.3	569	0.4
Pasta z jaj i ryby wędzonej	262	13.3	23.1	1.2	577	191	24	1.3	3.1	206	0.3
Pasta z twarogu i ryby wędzonej	273	15.2	23	1.9	344	131	48	0.4	0	33	0
